"region","country","index","market","year","open","high","low","close","volume","adjust","yearly_return_rate","ave_daily_return_rate","inflation_rate","average_annual_growth_rate","real_annual_average_growth_rate","real_yearly_return_rate","avg_yearly_return_rate","avg_daily_return_rate","avg_inflation_rate","avg_real_yearly_return_rate","count_countries","region_code","avg_regional_growth_rate","real_regional_growth_rate","country_code"
"Europe","United Kingdom","FTSE 100","London Stock Exchange",2006,5618.8,6271.4,5467.4,6220.8,412923672100,6220.8,10.71,0.04,2.46,4.31,1.81,8.06,NA,NA,NA,NA,NA,NA,NA,NA,NA
"Europe","United Kingdom","FTSE 100","London Stock Exchange",2007,6220.8,6754.1,5821.7,6456.9,428195305600,6456.9,3.8,0.02,2.39,4.31,1.88,1.38,NA,NA,NA,NA,NA,NA,NA,NA,NA
"Europe","United Kingdom","FTSE 100","London Stock Exchange",2008,6456.9,6534.7,3665.2,4434.2,354506212400,4434.2,-31.33,-0.12,3.52,4.31,0.76,-33.66,NA,NA,NA,NA,NA,NA,NA,NA,NA
"Europe","United Kingdom","FTSE 100","London Stock Exchange",2009,4434.2,5445.2,3460.7,5412.9,290562847200,5412.9,22.07,0.09,1.96,4.31,2.3,19.72,NA,NA,NA,NA,NA,NA,NA,NA,NA
"Europe","United Kingdom","FTSE 100","London Stock Exchange",2010,5412.9,6021.5,4790,5899.9,256139976300,5899.9,9,0.04,2.49,4.31,1.77,6.35,NA,NA,NA,NA,NA,NA,NA,NA,NA
"Europe","United Kingdom","FTSE 100","London Stock Exchange",2012,5572.3,5997,5229.8,5897.8,202328151100,5897.8,5.84,0.03,2.57,4.31,1.69,3.19,NA,NA,NA,NA,NA,NA,NA,NA,NA
"Europe","United Kingdom","FTSE 100","London Stock Exchange",2013,5897.8,6875.6,5897.8,6749.1,171193550400,6749.1,14.43,0.06,2.29,4.31,1.97,11.87,NA,NA,NA,NA,NA,NA,NA,NA,NA
"Europe","United Kingdom","FTSE 100","London Stock Exchange",2014,6749.1,6904.9,6072.7,6566.1,180813898900,6566.1,-2.71,-0.01,1.45,4.31,2.82,-4.1,NA,NA,NA,NA,NA,NA,NA,NA,NA
"Europe","United Kingdom","FTSE 100","London Stock Exchange",2015,6566.1,7122.7,5768.2,6242.3,186904681700,6242.3,-4.93,-0.01,0.37,4.31,3.93,-5.28,NA,NA,NA,NA,NA,NA,NA,NA,NA
"Europe","United Kingdom","FTSE 100","London Stock Exchange",2016,6242.3,7142.8,5499.5,7142.8,215823825900,7142.8,14.43,0.06,1.01,4.31,3.27,13.28,NA,NA,NA,NA,NA,NA,NA,NA,NA
"Europe","United Kingdom","FTSE 100","London Stock Exchange",2017,7142.8,7697.6,7093.6,7687.8,202414513300,7687.8,7.63,0.03,2.56,4.31,1.71,4.95,NA,NA,NA,NA,NA,NA,NA,NA,NA
"Europe","United Kingdom","FTSE 100","London Stock Exchange",2018,7687.8,7903.5,6536.5,6728.1,201377617800,6728.1,-12.48,-0.05,2.29,4.31,1.97,-14.45,NA,NA,NA,NA,NA,NA,NA,NA,NA
"Europe","United Kingdom","FTSE 100","London Stock Exchange",2019,6728.1,7727.5,6599.5,7542.4,179317624800,7542.4,12.1,0.05,1.74,4.31,2.53,10.19,NA,NA,NA,NA,NA,NA,NA,NA,NA
"Europe","United Kingdom","FTSE 100","London Stock Exchange",2021,6460.5,7457.1,6397.2,7384.5,183192627900,7384.5,14.3,0.06,2.52,4.31,1.75,11.49,NA,NA,NA,NA,NA,NA,NA,NA,NA
"Europe","United Kingdom","FTSE 100","London Stock Exchange",2022,7384.5,7687.3,6707.6,7451.7,222232091300,7451.7,0.91,0.01,7.92,4.31,-3.35,-6.5,NA,NA,NA,NA,NA,NA,NA,NA,NA
"Europe","United Kingdom","FTSE 100","London Stock Exchange",2023,7451.7,8047.1,7206.8,7733.2,194519282500,7733.2,3.78,0.02,6.79,4.31,-2.33,-2.82,NA,NA,NA,NA,NA,NA,NA,NA,NA
"Europe","United Kingdom","FTSE 100","London Stock Exchange",2024,7733.2,8474.4,7404.1,8173,233097965200,8173,5.69,0.02,3.27,4.31,1,2.34,NA,NA,NA,NA,NA,NA,NA,NA,NA
"Europe","Germany","DAX","Frankfurt Stock Exchange (FRA)",2006,5410.24,6629.33,5243.71,6596.92,29859120600,6596.92,21.93,0.08,1.58,10.08,8.37,20.04,NA,NA,NA,NA,NA,NA,NA,NA,NA
"Europe","Germany","DAX","Frankfurt Stock Exchange (FRA)",2007,6614.73,8151.57,6437.25,8067.32,37215986100,8067.32,21.96,0.08,2.3,10.08,7.61,19.22,NA,NA,NA,NA,NA,NA,NA,NA,NA
"Europe","Germany","DAX","Frankfurt Stock Exchange (FRA)",2008,8045.97,8100.64,4014.6,4810.2,45143788700,4810.2,-40.22,-0.18,2.63,10.08,7.26,-41.75,NA,NA,NA,NA,NA,NA,NA,NA,NA
"Europe","Germany","DAX","Frankfurt Stock Exchange (FRA)",2009,4856.85,6026.69,3588.89,5957.43,30561062400,5957.43,22.66,0.1,0.31,10.08,9.74,22.28,NA,NA,NA,NA,NA,NA,NA,NA,NA
"Europe","Germany","DAX","Frankfurt Stock Exchange (FRA)",2010,5975.52,7087.84,5433.02,6914.19,30150390100,6914.19,15.71,0.06,1.1,10.08,8.88,14.45,NA,NA,NA,NA,NA,NA,NA,NA,NA
"Europe","Germany","DAX","Frankfurt Stock Exchange (FRA)",2011,6973.39,7600.41,4965.8,5898.35,41028429600,5898.35,-15.42,-0.05,2.08,10.08,7.85,-17.14,NA,NA,NA,NA,NA,NA,NA,NA,NA
"Europe","Germany","DAX","Frankfurt Stock Exchange (FRA)",2012,5900.18,7682.9,5900.18,7612.39,37918472800,7612.39,29.02,0.11,2.01,10.08,7.92,26.48,NA,NA,NA,NA,NA,NA,NA,NA,NA
"Europe","Germany","DAX","Frankfurt Stock Exchange (FRA)",2013,7689.46,9594.35,7418.36,9552.16,26900532600,9552.16,24.22,0.09,1.5,10.08,8.45,22.38,NA,NA,NA,NA,NA,NA,NA,NA,NA
"Europe","Germany","DAX","Frankfurt Stock Exchange (FRA)",2014,9598.25,10093.03,8354.97,9805.55,22349071800,9805.55,2.16,0.02,0.91,10.08,9.09,1.24,NA,NA,NA,NA,NA,NA,NA,NA,NA
"Europe","Germany","DAX","Frankfurt Stock Exchange (FRA)",2016,10485.81,11481.66,8699.29,11481.06,24677324000,11481.06,9.49,0.03,0.49,10.08,9.54,8.96,NA,NA,NA,NA,NA,NA,NA,NA,NA
"Europe","Germany","DAX","Frankfurt Stock Exchange (FRA)",2019,10477.77,13425.85,10386.97,13249.01,21466139100,13249.01,26.45,0.09,1.45,10.08,8.51,24.65,NA,NA,NA,NA,NA,NA,NA,NA,NA
"Europe","Germany","DAX","Frankfurt Stock Exchange (FRA)",2020,13233.71,13903.11,8255.65,13718.78,25614962400,13718.78,3.67,0.04,0.14,10.08,9.92,3.52,NA,NA,NA,NA,NA,NA,NA,NA,NA
"Europe","Germany","DAX","Frankfurt Stock Exchange (FRA)",2021,13890.22,16290.19,13310.95,15884.86,16693324700,15884.86,14.36,0.06,3.07,10.08,6.81,10.96,NA,NA,NA,NA,NA,NA,NA,NA,NA
"Europe","Germany","DAX","Frankfurt Stock Exchange (FRA)",2022,15947.44,16285.35,11862.84,13923.59,20035033500,13923.59,-12.69,-0.04,6.87,10.08,3,-18.31,NA,NA,NA,NA,NA,NA,NA,NA,NA
"Europe","Germany","DAX","Frankfurt Stock Exchange (FRA)",2023,13992.71,17003.28,13976.44,16751.64,17935832600,16751.64,19.72,0.08,5.95,10.08,3.9,13,NA,NA,NA,NA,NA,NA,NA,NA,NA
"Europe","Germany","DAX","Frankfurt Stock Exchange (FRA)",2024,16828.75,20522.82,16345.02,19909.14,16219795100,19909.14,18.3,0.07,2.26,10.08,7.65,15.69,NA,NA,NA,NA,NA,NA,NA,NA,NA
"Europe","France","CAC 40","Paris Stock Exchange",2006,4731.92,5553.86,4564.69,5541.76,30087660700,5541.76,17.11,0.07,1.68,1.78,0.11,15.18,NA,NA,NA,NA,NA,NA,NA,NA,NA
"Europe","France","CAC 40","Paris Stock Exchange",2007,5575.76,6168.15,5217.7,5614.08,35969229300,5614.08,0.69,0.01,1.49,1.78,0.29,-0.79,NA,NA,NA,NA,NA,NA,NA,NA,NA
"Europe","France","CAC 40","Paris Stock Exchange",2008,5609.98,5665.94,2838.5,3217.97,46016678800,3217.97,-42.64,-0.18,2.81,1.78,-1,-44.21,NA,NA,NA,NA,NA,NA,NA,NA,NA
"Europe","France","CAC 40","Paris Stock Exchange",2009,3240.75,3976.92,2465.46,3936.33,36850912900,3936.33,21.46,0.09,0.09,1.78,1.69,21.36,NA,NA,NA,NA,NA,NA,NA,NA,NA
"Europe","France","CAC 40","Paris Stock Exchange",2010,3952.21,4088.18,3287.57,3850.76,36342319500,3850.76,-2.57,0,1.53,1.78,0.25,-4.04,NA,NA,NA,NA,NA,NA,NA,NA,NA
"Europe","France","CAC 40","Paris Stock Exchange",2011,3847.63,4169.87,2693.21,3159.81,40064265200,3159.81,-17.88,-0.06,2.11,1.78,-0.32,-19.57,NA,NA,NA,NA,NA,NA,NA,NA,NA
"Europe","France","CAC 40","Paris Stock Exchange",2013,3702.66,4356.28,3575.17,4295.95,24015914100,4295.95,16.02,0.07,0.86,1.78,0.91,15.03,NA,NA,NA,NA,NA,NA,NA,NA,NA
"Europe","France","CAC 40","Paris Stock Exchange",2015,4294.05,5283.71,4076.16,4677.14,32308414000,4677.14,8.92,0.05,0.04,1.78,1.74,8.88,NA,NA,NA,NA,NA,NA,NA,NA,NA
"Europe","France","CAC 40","Paris Stock Exchange",2016,4582.05,4864.29,3892.46,4862.31,27969990800,4862.31,6.12,0.02,0.18,1.78,1.6,5.92,NA,NA,NA,NA,NA,NA,NA,NA,NA
"Europe","France","CAC 40","Paris Stock Exchange",2017,4845.96,5536.4,4733.82,5312.56,22111702400,5312.56,9.63,0.04,1.03,1.78,0.74,8.51,NA,NA,NA,NA,NA,NA,NA,NA,NA
"Europe","France","CAC 40","Paris Stock Exchange",2018,5318.74,5657.44,4555.99,4730.69,21733814400,4730.69,-11.06,-0.04,1.85,1.78,-0.07,-12.67,NA,NA,NA,NA,NA,NA,NA,NA,NA
"Europe","France","CAC 40","Paris Stock Exchange",2020,6016.61,6111.41,3632.06,5551.41,23774162600,5551.41,-7.73,-0.01,0.48,1.78,1.3,-8.17,NA,NA,NA,NA,NA,NA,NA,NA,NA
"Europe","France","CAC 40","Paris Stock Exchange",2021,5614.04,7201.65,5379.22,7153.03,18854464800,7153.03,27.41,0.1,1.64,1.78,0.14,25.35,NA,NA,NA,NA,NA,NA,NA,NA,NA
"Europe","France","CAC 40","Paris Stock Exchange",2022,7197.4,7384.86,5628.42,6473.76,20979098000,6473.76,-10.05,-0.03,5.22,1.78,-3.27,-14.52,NA,NA,NA,NA,NA,NA,NA,NA,NA
"Europe","France","CAC 40","Paris Stock Exchange",2023,6521.07,7653.99,6518.21,7543.18,15250442200,7543.18,15.67,0.06,4.88,1.78,-2.95,10.29,NA,NA,NA,NA,NA,NA,NA,NA,NA
"Europe","France","CAC 40","Paris Stock Exchange",2024,7577.33,8259.19,7029.91,7380.74,15452939200,7380.74,-2.59,-0.01,2,1.78,-0.21,-4.5,NA,NA,NA,NA,NA,NA,NA,NA,NA
"Europe","Spain","IBEX 35","Madrid Stock Exchange",2006,10725.8,14420.8,10611.1,14146.5,41551000,14146.49,31.89,0.11,3.52,0.6,-2.82,27.41,NA,NA,NA,NA,NA,NA,NA,NA,NA
"Europe","Spain","IBEX 35","Madrid Stock Exchange",2008,15101.9,15186,7737.2,9195.8,69597400,9195.79,-39.11,-0.17,4.08,0.6,-3.34,-41.49,NA,NA,NA,NA,NA,NA,NA,NA,NA
"Europe","Spain","IBEX 35","Madrid Stock Exchange",2009,9262,12102.6,6702.6,11940,56506400,11939.99,28.91,0.12,-0.29,0.6,0.89,29.29,NA,NA,NA,NA,NA,NA,NA,NA,NA
"Europe","Spain","IBEX 35","Madrid Stock Exchange",2010,11986.5,12240.5,8563.6,9859.1,19652559200,9859.09,-17.75,-0.06,1.8,0.6,-1.18,-19.2,NA,NA,NA,NA,NA,NA,NA,NA,NA
"Europe","Spain","IBEX 35","Madrid Stock Exchange",2011,9899.4,11165,7505.3,8566.3,59663621000,8566.29,-13.47,-0.04,3.2,0.6,-2.52,-16.15,NA,NA,NA,NA,NA,NA,NA,NA,NA
"Europe","Spain","IBEX 35","Madrid Stock Exchange",2013,8337.9,10063.9,7508.4,9916.7,59505248300,9916.69,18.94,0.08,1.41,0.6,-0.8,17.28,NA,NA,NA,NA,NA,NA,NA,NA,NA
"Europe","Spain","IBEX 35","Madrid Stock Exchange",2014,9923.6,11249.4,9370.5,10279.5,69858809500,10279.49,3.59,0.02,-0.15,0.6,0.75,3.74,NA,NA,NA,NA,NA,NA,NA,NA,NA
"Europe","Spain","IBEX 35","Madrid Stock Exchange",2015,10386.7,11884.6,9231.3,9544.2,73615351100,9544.19,-8.11,-0.02,-0.5,0.6,1.1,-7.65,NA,NA,NA,NA,NA,NA,NA,NA,NA
"Europe","Spain","IBEX 35","Madrid Stock Exchange",2016,9429.8,9452.9,7579.8,9352.1,72069067400,9352.1,-0.82,0.01,-0.2,0.6,0.8,-0.62,NA,NA,NA,NA,NA,NA,NA,NA,NA
"Europe","Spain","IBEX 35","Madrid Stock Exchange",2018,10089.6,10643.4,8286.2,8539.9,42898502500,8539.9,-15.36,-0.06,1.67,0.6,-1.06,-16.75,NA,NA,NA,NA,NA,NA,NA,NA,NA
"Europe","Spain","IBEX 35","Madrid Stock Exchange",2020,9639.1,10100.2,5814.5,8073.7,67137356100,8073.7,-16.24,-0.04,-0.32,0.6,0.92,-15.97,NA,NA,NA,NA,NA,NA,NA,NA,NA
"Europe","Spain","IBEX 35","Madrid Stock Exchange",2021,8191.8,9310.8,7713.5,8713.8,44672382500,8713.8,6.37,0.04,3.09,0.6,-2.42,3.18,NA,NA,NA,NA,NA,NA,NA,NA,NA
"Europe","Spain","IBEX 35","Madrid Stock Exchange",2022,8729.7,8992.7,7189.6,8229.1,48449605500,8229.1,-5.73,-0.01,8.39,0.6,-7.19,-13.03,NA,NA,NA,NA,NA,NA,NA,NA,NA
"Europe","Spain","IBEX 35","Madrid Stock Exchange",2023,8297.9,10301.3,8283.7,10102.1,37603884600,10102.1,21.74,0.08,3.53,0.6,-2.83,17.59,NA,NA,NA,NA,NA,NA,NA,NA,NA
"Europe","Spain","IBEX 35","Madrid Stock Exchange",2024,10161.1,12153.6,9798.8,11595,33578462300,11595,14.11,0.06,2.77,0.6,-2.12,11.03,NA,NA,NA,NA,NA,NA,NA,NA,NA
"Europe","Italy","FTSE MIB","Italian Stocks Exchange",2005,30923,36056,30569,35704,140640108900,35704,15.46,0.06,1.99,0.33,-1.62,13.21,NA,NA,NA,NA,NA,NA,NA,NA,NA
"Europe","Italy","FTSE MIB","Italian Stocks Exchange",2006,35756,41531,34655,41434,148394015000,41434,15.88,0.06,2.09,0.33,-1.72,13.51,NA,NA,NA,NA,NA,NA,NA,NA,NA
"Europe","Italy","FTSE MIB","Italian Stocks Exchange",2007,41842,44364,37184,38554,198286864100,38554,-7.86,-0.02,1.83,0.33,-1.47,-9.51,NA,NA,NA,NA,NA,NA,NA,NA,NA
"Europe","Italy","FTSE MIB","Italian Stocks Exchange",2008,38447,38544,17803,19460,203456530200,19460,-49.38,-0.24,3.35,0.33,-2.92,-51.02,NA,NA,NA,NA,NA,NA,NA,NA,NA
"Europe","Italy","FTSE MIB","Italian Stocks Exchange",2009,19704,24558,12332,23248,176659645700,23248,17.99,0.09,0.77,0.33,-0.44,17.08,NA,NA,NA,NA,NA,NA,NA,NA,NA
"Europe","Italy","FTSE MIB","Italian Stocks Exchange",2010,23360,24059,18044,20173,213354809900,20173,-13.64,-0.04,1.53,0.33,-1.18,-14.94,NA,NA,NA,NA,NA,NA,NA,NA,NA
"Europe","Italy","FTSE MIB","Italian Stocks Exchange",2011,19984,23274,13115,15090,251088551800,15090,-24.49,-0.09,2.78,0.33,-2.38,-26.53,NA,NA,NA,NA,NA,NA,NA,NA,NA
"Europe","Italy","FTSE MIB","Italian Stocks Exchange",2012,15096,17159,12296,16273,208684318300,16273,7.8,0.05,3.04,0.33,-2.63,4.62,NA,NA,NA,NA,NA,NA,NA,NA,NA
"Europe","Italy","FTSE MIB","Italian Stocks Exchange",2013,16583,19501,14901,18968,219384947700,18968,14.38,0.07,1.22,0.33,-0.88,13,NA,NA,NA,NA,NA,NA,NA,NA,NA
"Europe","Italy","FTSE MIB","Italian Stocks Exchange",2014,19080,22590,17555,19012,201191704000,19012,-0.36,0.01,0.24,0.33,0.09,-0.6,NA,NA,NA,NA,NA,NA,NA,NA,NA
"Europe","Italy","FTSE MIB","Italian Stocks Exchange",2016,21186,21194,15017,19235,187237488700,19235,-9.21,-0.01,-0.09,0.33,0.43,-9.12,NA,NA,NA,NA,NA,NA,NA,NA,NA
"Europe","Italy","FTSE MIB","Italian Stocks Exchange",2017,19208,23133,18424,21853,110351168600,21853,13.77,0.05,1.23,0.33,-0.89,12.39,NA,NA,NA,NA,NA,NA,NA,NA,NA
"Europe","Italy","FTSE MIB","Italian Stocks Exchange",2018,21899,24544,17914,18324,108960693100,18324,-16.32,-0.06,1.14,0.33,-0.8,-17.27,NA,NA,NA,NA,NA,NA,NA,NA,NA
"Europe","Italy","FTSE MIB","Italian Stocks Exchange",2020,23607,25483,14153,22233,128480692800,22233,-5.82,0,-0.14,0.33,0.47,-5.69,NA,NA,NA,NA,NA,NA,NA,NA,NA
"Europe","Italy","FTSE MIB","Italian Stocks Exchange",2021,22398,27969,21312,27347,107788618400,27347,22.1,0.09,1.87,0.33,-1.51,19.85,NA,NA,NA,NA,NA,NA,NA,NA,NA
"Europe","Italy","FTSE MIB","Italian Stocks Exchange",2022,27409,28213,20183,23707,117502364800,23707,-13.51,-0.04,8.2,0.33,-7.27,-20.06,NA,NA,NA,NA,NA,NA,NA,NA,NA
"Europe","Italy","FTSE MIB","Italian Stocks Exchange",2023,23869,30653,23862,30352,118185657400,30352,27.16,0.1,5.62,0.33,-5.01,20.39,NA,NA,NA,NA,NA,NA,NA,NA,NA
"Europe","Italy","FTSE MIB","Italian Stocks Exchange",2024,30520,35474,29926,34186,125729236500,34186,12.01,0.05,0.98,0.33,-0.65,10.92,NA,NA,NA,NA,NA,NA,NA,NA,NA
"Europe","The Netherlands","AEX","Amsterdam stock exchange",2008,514.68,518.27,220.12,245.94,41453544100,245.94,-52.21,-0.25,2.49,4.93,2.38,-53.37,NA,NA,NA,NA,NA,NA,NA,NA,NA
"Europe","The Netherlands","AEX","Amsterdam stock exchange",2009,248.97,338.22,194.99,335.33,28249258100,335.33,34.69,0.14,1.19,4.93,3.69,33.1,NA,NA,NA,NA,NA,NA,NA,NA,NA
"Europe","The Netherlands","AEX","Amsterdam stock exchange",2010,336.96,358.8,301.48,356.36,26140702400,356.36,5.76,0.03,1.28,4.93,3.61,4.43,NA,NA,NA,NA,NA,NA,NA,NA,NA
"Europe","The Netherlands","AEX","Amsterdam stock exchange",2011,357.91,374.19,256.36,312.47,26533213200,312.47,-12.7,-0.04,2.34,4.93,2.53,-14.69,NA,NA,NA,NA,NA,NA,NA,NA,NA
"Europe","The Netherlands","AEX","Amsterdam stock exchange",2013,348.53,401.95,330.98,401.79,27474267300,401.79,15.28,0.07,2.51,4.93,2.36,12.46,NA,NA,NA,NA,NA,NA,NA,NA,NA
"Europe","The Netherlands","AEX","Amsterdam stock exchange",2014,403.37,432.22,366.84,424.47,22564424600,424.47,5.23,0.03,0.98,4.93,3.91,4.21,NA,NA,NA,NA,NA,NA,NA,NA,NA
"Europe","The Netherlands","AEX","Amsterdam stock exchange",2015,425.89,510.55,401.87,446.19,25460836000,446.19,4.77,0.03,0.6,4.93,4.3,4.14,NA,NA,NA,NA,NA,NA,NA,NA,NA
"Europe","The Netherlands","AEX","Amsterdam stock exchange",2016,436.97,484.21,378.53,483.17,27311632500,483.17,10.57,0.04,0.32,4.93,4.6,10.22,NA,NA,NA,NA,NA,NA,NA,NA,NA
"Europe","The Netherlands","AEX","Amsterdam stock exchange",2017,481.16,557.43,476.71,544.58,22459032000,544.58,13.18,0.05,1.38,4.93,3.5,11.64,NA,NA,NA,NA,NA,NA,NA,NA,NA
"Europe","The Netherlands","AEX","Amsterdam stock exchange",2018,545.24,576.9,472.19,487.88,22394507600,487.88,-10.52,-0.04,1.7,4.93,3.17,-12.02,NA,NA,NA,NA,NA,NA,NA,NA,NA
"Europe","The Netherlands","AEX","Amsterdam stock exchange",2019,479.91,612.49,477.05,604.58,18919584000,604.58,25.98,0.09,2.63,4.93,2.24,22.75,NA,NA,NA,NA,NA,NA,NA,NA,NA
"Europe","The Netherlands","AEX","Amsterdam stock exchange",2020,608.01,633.12,389.6,624.61,23643237200,624.61,2.73,0.03,1.27,4.93,3.61,1.44,NA,NA,NA,NA,NA,NA,NA,NA,NA
"Europe","The Netherlands","AEX","Amsterdam stock exchange",2021,632.02,829.66,628.98,797.93,4179251600,797.93,26.25,0.1,2.68,4.93,2.19,22.96,NA,NA,NA,NA,NA,NA,NA,NA,NA
"Europe","The Netherlands","AEX","Amsterdam stock exchange",2022,802.5,812.55,611.74,689.01,4166359300,689.01,-14.14,-0.05,10,4.93,-4.61,-21.95,NA,NA,NA,NA,NA,NA,NA,NA,NA
"Europe","The Netherlands","AEX","Amsterdam stock exchange",2023,697.11,798.09,694.63,786.82,3245277900,786.82,12.87,0.06,3.84,4.93,1.05,8.7,NA,NA,NA,NA,NA,NA,NA,NA,NA
"Europe","The Netherlands","AEX","Amsterdam stock exchange",2024,790.69,949.14,766.66,878.63,11929922700,878.63,11.12,0.05,3.35,4.93,1.53,7.52,NA,NA,NA,NA,NA,NA,NA,NA,NA
"Asia","China","SSE Composite Index","Shanghai Stock Exchange (SSE)",2006,1163.88,2698.9,1161.91,2675.47,10281000,2675.47,129.88,0.36,1.65,7.91,6.16,126.15,NA,NA,NA,NA,NA,NA,NA,NA,NA
"Asia","China","SSE Composite Index","Shanghai Stock Exchange (SSE)",2008,5265,5522.78,1664.93,1820.81,16282400,1820.81,-65.42,-0.39,5.93,7.91,1.87,-67.35,NA,NA,NA,NA,NA,NA,NA,NA,NA
"Asia","China","SSE Composite Index","Shanghai Stock Exchange (SSE)",2009,1849.02,3478.01,1844.09,3277.14,33635000,3277.14,77.24,0.26,-0.73,7.91,8.7,78.54,NA,NA,NA,NA,NA,NA,NA,NA,NA
"Asia","China","SSE Composite Index","Shanghai Stock Exchange (SSE)",2011,2825.33,3067.46,2134.02,2199.42,21109000,2199.42,-22.15,-0.09,5.55,7.91,2.23,-26.25,NA,NA,NA,NA,NA,NA,NA,NA,NA
"Asia","China","SSE Composite Index","Shanghai Stock Exchange (SSE)",2012,2212,2478.38,1949.46,2269.13,18855800,2269.13,2.58,0.02,2.62,7.91,5.15,-0.04,NA,NA,NA,NA,NA,NA,NA,NA,NA
"Asia","China","SSE Composite Index","Shanghai Stock Exchange (SSE)",2013,2289.51,2444.8,1849.65,2115.98,26458700,2115.98,-7.58,-0.02,2.62,7.91,5.15,-9.94,NA,NA,NA,NA,NA,NA,NA,NA,NA
"Asia","China","SSE Composite Index","Shanghai Stock Exchange (SSE)",2015,3258.63,5178.19,2850.71,3539.18,101465100,3539.18,8.61,0.07,1.44,7.91,6.38,7.07,NA,NA,NA,NA,NA,NA,NA,NA,NA
"Asia","China","SSE Composite Index","Shanghai Stock Exchange (SSE)",2016,3536.59,3538.69,2638.3,3103.64,44631300,3103.64,-12.24,-0.04,2,7.91,5.79,-13.96,NA,NA,NA,NA,NA,NA,NA,NA,NA
"Asia","China","SSE Composite Index","Shanghai Stock Exchange (SSE)",2017,3105.31,3450.5,3016.53,3307.17,43582500,3307.17,6.5,0.03,1.59,7.91,6.22,4.83,NA,NA,NA,NA,NA,NA,NA,NA,NA
"Asia","China","SSE Composite Index","Shanghai Stock Exchange (SSE)",2018,3314.03,3587.03,2449.2,2493.9,37076600,2493.9,-24.75,-0.11,2.07,7.91,5.72,-26.28,NA,NA,NA,NA,NA,NA,NA,NA,NA
"Asia","China","SSE Composite Index","Shanghai Stock Exchange (SSE)",2019,2497.88,3288.45,2440.91,3050.12,52922500,3050.12,22.11,0.09,2.9,7.91,4.87,18.67,NA,NA,NA,NA,NA,NA,NA,NA,NA
"Asia","China","SSE Composite Index","Shanghai Stock Exchange (SSE)",2020,3066.34,3474.92,2646.8,3473.07,68186300,3473.07,13.26,0.06,2.42,7.91,5.36,10.59,NA,NA,NA,NA,NA,NA,NA,NA,NA
"Asia","China","SSE Composite Index","Shanghai Stock Exchange (SSE)",2021,3474.68,3731.69,3312.72,3639.78,86085300,3639.78,4.75,0.02,0.98,7.91,6.86,3.73,NA,NA,NA,NA,NA,NA,NA,NA,NA
"Asia","China","SSE Composite Index","Shanghai Stock Exchange (SSE)",2022,3649.15,3651.89,2863.65,3089.26,79862900,3089.26,-15.34,-0.06,1.97,7.91,5.82,-16.98,NA,NA,NA,NA,NA,NA,NA,NA,NA
"Asia","China","SSE Composite Index","Shanghai Stock Exchange (SSE)",2023,3087.51,3418.95,2882.02,2974.94,72919000,2974.94,-3.65,-0.01,0.23,7.91,7.66,-3.87,NA,NA,NA,NA,NA,NA,NA,NA,NA
"Asia","China","SSE Composite Index","Shanghai Stock Exchange (SSE)",2024,2972.77,3674.41,2635.09,3351.76,101019000,3351.76,12.75,0.06,0.22,7.91,7.67,12.5,NA,NA,NA,NA,NA,NA,NA,NA,NA
"Asia","Japan","Nikkei 225","Tokyo Stock Exchange (TSE)",2007,17322.5,18300.39,14669.85,15307.78,33368600000,15307.78,-11.63,-0.04,0.06,6.77,6.7,-11.68,NA,NA,NA,NA,NA,NA,NA,NA,NA
"Asia","Japan","Nikkei 225","Tokyo Stock Exchange (TSE)",2008,15155.73,15156.66,6994.9,8859.56,34739100000,8859.56,-41.54,-0.18,1.38,6.77,5.31,-42.34,NA,NA,NA,NA,NA,NA,NA,NA,NA
"Asia","Japan","Nikkei 225","Tokyo Stock Exchange (TSE)",2010,10609.34,11408.17,8796.45,10228.92,33634300000,10228.92,-3.59,0,-0.73,6.77,7.55,-2.88,NA,NA,NA,NA,NA,NA,NA,NA,NA
"Asia","Japan","Nikkei 225","Tokyo Stock Exchange (TSE)",2011,10352.19,10891.6,8135.79,8455.35,34287400000,8455.35,-18.32,-0.07,-0.27,6.77,7.06,-18.1,NA,NA,NA,NA,NA,NA,NA,NA,NA
"Asia","Japan","Nikkei 225","Tokyo Stock Exchange (TSE)",2012,8549.54,10433.63,8238.96,10395.18,33050900000,10395.18,21.59,0.09,-0.04,6.77,6.81,21.64,NA,NA,NA,NA,NA,NA,NA,NA,NA
"Asia","Japan","Nikkei 225","Tokyo Stock Exchange (TSE)",2013,10604.5,16320.22,10398.61,16291.31,51680300000,16291.31,53.63,0.2,0.34,6.77,6.41,53.11,NA,NA,NA,NA,NA,NA,NA,NA,NA
"Asia","Japan","Nikkei 225","Tokyo Stock Exchange (TSE)",2014,16147.54,18030.83,13885.11,17450.77,34841300000,17450.77,8.07,0.04,2.76,6.77,3.9,5.17,NA,NA,NA,NA,NA,NA,NA,NA,NA
"Asia","Japan","Nikkei 225","Tokyo Stock Exchange (TSE)",2015,17325.68,20952.71,16592.57,19033.71,37118900000,19033.71,9.86,0.04,0.8,6.77,5.92,8.99,NA,NA,NA,NA,NA,NA,NA,NA,NA
"Asia","Japan","Nikkei 225","Tokyo Stock Exchange (TSE)",2016,18818.58,19592.9,14864.01,19114.37,36078100000,19114.37,1.57,0.02,-0.13,6.77,6.9,1.7,NA,NA,NA,NA,NA,NA,NA,NA,NA
"Asia","Japan","Nikkei 225","Tokyo Stock Exchange (TSE)",2019,19655.13,24091.12,19241.37,23656.62,15602300000,23656.62,20.36,0.08,0.47,6.77,6.27,19.8,NA,NA,NA,NA,NA,NA,NA,NA,NA
"Asia","Japan","Nikkei 225","Tokyo Stock Exchange (TSE)",2020,23319.76,27602.52,16358.19,27444.17,19040200000,27444.17,17.69,0.07,-0.02,6.77,6.79,17.72,NA,NA,NA,NA,NA,NA,NA,NA,NA
"Asia","Japan","Nikkei 225","Tokyo Stock Exchange (TSE)",2021,27575.57,30795.78,26954.81,28791.71,16779400000,28791.71,4.41,0.03,-0.23,6.77,7.02,4.65,NA,NA,NA,NA,NA,NA,NA,NA,NA
"Asia","Japan","Nikkei 225","Tokyo Stock Exchange (TSE)",2022,29098.41,29388.16,24681.74,26094.5,17817600000,26094.5,-10.32,-0.03,2.5,6.77,4.16,-12.51,NA,NA,NA,NA,NA,NA,NA,NA,NA
"Asia","Japan","Nikkei 225","Tokyo Stock Exchange (TSE)",2023,25834.93,33853.46,25661.89,33464.17,21992400000,33464.17,29.53,0.11,3.27,6.77,3.39,25.43,NA,NA,NA,NA,NA,NA,NA,NA,NA
"Asia","Japan","Nikkei 225","Tokyo Stock Exchange (TSE)",2024,33193.05,42426.77,31156.12,39894.54,30198800000,39894.54,20.19,0.09,2.74,6.77,3.92,16.99,NA,NA,NA,NA,NA,NA,NA,NA,NA
"Asia","South Korea","KOSPI","Korea Stock Exchange",2009,1132.87,1723.17,992.69,1682.77,122872200,1682.77,48.54,0.16,2.76,7.68,4.79,44.56,NA,NA,NA,NA,NA,NA,NA,NA,NA
"Asia","South Korea","KOSPI","Korea Stock Exchange",2010,1681.71,2052.97,1532.68,2051,95597100,2051,21.96,0.08,2.94,7.68,4.6,18.48,NA,NA,NA,NA,NA,NA,NA,NA,NA
"Asia","South Korea","KOSPI","Korea Stock Exchange",2012,1831.69,2057.28,1758.99,1997.05,120646600,1997.05,9.03,0.04,2.19,7.68,5.37,6.69,NA,NA,NA,NA,NA,NA,NA,NA,NA
"Asia","South Korea","KOSPI","Korea Stock Exchange",2013,2013.74,2063.28,1770.53,2011.34,81097300,2011.34,-0.12,0.01,1.3,7.68,6.3,-1.4,NA,NA,NA,NA,NA,NA,NA,NA,NA
"Asia","South Korea","KOSPI","Korea Stock Exchange",2014,2013.11,2093.08,1881.73,1915.59,68129300,1915.59,-4.84,-0.02,1.27,7.68,6.32,-6.04,NA,NA,NA,NA,NA,NA,NA,NA,NA
"Asia","South Korea","KOSPI","Korea Stock Exchange",2016,1954.47,2073.89,1817.97,2026.46,92686500,2026.46,3.68,0.02,0.97,7.68,6.64,2.69,NA,NA,NA,NA,NA,NA,NA,NA,NA
"Asia","South Korea","KOSPI","Korea Stock Exchange",2017,2022.23,2561.63,2015.68,2467.49,82160900,2467.49,22.02,0.08,1.94,7.68,5.63,19.69,NA,NA,NA,NA,NA,NA,NA,NA,NA
"Asia","South Korea","KOSPI","Korea Stock Exchange",2018,2474.86,2607.1,1985.95,2041.04,97104400,2041.04,-17.53,-0.07,1.48,7.68,6.11,-18.73,NA,NA,NA,NA,NA,NA,NA,NA,NA
"Asia","South Korea","KOSPI","Korea Stock Exchange",2019,2050.55,2252.05,1891.81,2197.67,115797700,2197.67,7.17,0.03,0.38,7.68,7.27,6.77,NA,NA,NA,NA,NA,NA,NA,NA,NA
"Asia","South Korea","KOSPI","Korea Stock Exchange",2020,2201.21,2878.21,1439.43,2873.47,221987800,2873.47,30.54,0.12,0.54,7.68,7.1,29.84,NA,NA,NA,NA,NA,NA,NA,NA,NA
"Asia","South Korea","KOSPI","Korea Stock Exchange",2021,2874.5,3316.08,2822.73,2977.65,257227900,2977.65,3.59,0.02,2.5,7.68,5.05,1.06,NA,NA,NA,NA,NA,NA,NA,NA,NA
"Asia","South Korea","KOSPI","Korea Stock Exchange",2022,2991.97,2995.25,2134.77,2236.4,144987200,2236.4,-25.25,-0.11,5.09,7.68,2.46,-28.87,NA,NA,NA,NA,NA,NA,NA,NA,NA
"Asia","South Korea","KOSPI","Korea Stock Exchange",2023,2249.95,2668.21,2180.67,2655.28,131586300,2655.28,18.02,0.07,3.6,7.68,3.94,13.92,NA,NA,NA,NA,NA,NA,NA,NA,NA
"Asia","South Korea","KOSPI","Korea Stock Exchange",2024,2645.47,2896.43,2360.18,2399.49,118722500,2399.49,-9.3,-0.03,2.32,7.68,5.24,-11.36,NA,NA,NA,NA,NA,NA,NA,NA,NA
"Asia","India","S&P BSE SENSEX","Bombay Stock Exchange (BSE)",2006,9422.49,14035.3,8799.01,13786.91,4740400,13786.91,46.32,0.17,5.8,17.77,11.32,38.3,NA,NA,NA,NA,NA,NA,NA,NA,NA
"Asia","India","S&P BSE SENSEX","Bombay Stock Exchange (BSE)",2007,13827.77,20498.11,12316.1,20286.99,4330000,20286.99,46.71,0.17,6.37,17.77,10.71,37.92,NA,NA,NA,NA,NA,NA,NA,NA,NA
"Asia","India","S&P BSE SENSEX","Bombay Stock Exchange (BSE)",2011,20621.61,20664.8,15135.86,15454.92,3815200,15454.92,-25.05,-0.11,8.91,17.77,8.13,-31.19,NA,NA,NA,NA,NA,NA,NA,NA,NA
"Asia","India","S&P BSE SENSEX","Bombay Stock Exchange (BSE)",2017,26711.15,34137.97,26447.06,34056.83,4698200,34056.83,27.5,0.1,3.33,17.77,13.98,23.39,NA,NA,NA,NA,NA,NA,NA,NA,NA
"Asia","India","S&P BSE SENSEX","Bombay Stock Exchange (BSE)",2018,34059.99,38989.65,32483.84,36068.33,125276900,36068.33,5.9,0.03,3.94,17.77,13.31,1.88,NA,NA,NA,NA,NA,NA,NA,NA,NA
"Asia","India","S&P BSE SENSEX","Bombay Stock Exchange (BSE)",2022,58310.09,63583.07,50921.22,60840.74,2628400,60840.74,4.34,0.02,6.7,17.77,10.38,-2.21,NA,NA,NA,NA,NA,NA,NA,NA,NA
"Asia","India","S&P BSE SENSEX","Bombay Stock Exchange (BSE)",2023,60871.24,72484.34,57084.91,72240.26,2307400,72240.26,18.68,0.07,5.65,17.77,11.47,12.33,NA,NA,NA,NA,NA,NA,NA,NA,NA
"Asia","Singapore","STI","Singapore Exchange",2007,3015.74,3906.16,2931.63,3482.3,72108337900,3482.3,15.47,0.07,2.1,5.87,3.69,13.09,NA,NA,NA,NA,NA,NA,NA,NA,NA
"Asia","Singapore","STI","Singapore Exchange",2013,3188.59,3464.79,2990.68,3167.43,65939600800,3167.43,-0.66,0,2.36,5.87,3.43,-2.95,NA,NA,NA,NA,NA,NA,NA,NA,NA
"Asia","Singapore","STI","Singapore Exchange",2016,2889.23,2980.77,2528.44,2880.76,158708700,2880.76,-0.29,0,-0.53,5.87,6.44,0.24,NA,NA,NA,NA,NA,NA,NA,NA,NA
"Asia","Singapore","STI","Singapore Exchange",2017,2887,3469.36,2869.66,3402.92,49487116200,3402.92,17.87,0.07,0.58,5.87,5.26,17.2,NA,NA,NA,NA,NA,NA,NA,NA,NA
"Asia","Singapore","STI","Singapore Exchange",2018,3406.48,3641.65,2955.68,3068.76,59648334400,3068.76,-9.91,-0.04,0.44,5.87,5.41,-10.31,NA,NA,NA,NA,NA,NA,NA,NA,NA
"Asia","Singapore","STI","Singapore Exchange",2021,2846.2,3273.54,2832.04,3123.68,65196839400,3123.68,9.75,0.04,2.3,5.87,3.49,7.28,NA,NA,NA,NA,NA,NA,NA,NA,NA
"Asia","Singapore","STI","Singapore Exchange",2022,3130.48,3466.23,2968.87,3251.32,63815688600,3251.32,3.86,0.02,6.12,5.87,-0.24,-2.13,NA,NA,NA,NA,NA,NA,NA,NA,NA
"Asia","Singapore","STI","Singapore Exchange",2023,3243.99,3408.19,3041.67,3240.27,95734192500,3240.27,-0.11,0,4.82,5.87,1,-4.71,NA,NA,NA,NA,NA,NA,NA,NA,NA
"Asia","Singapore","STI","Singapore Exchange",2024,3240.83,3842.71,3092.4,3787.6,118607557200,3787.6,16.87,0.06,2.37,5.87,3.42,14.17,NA,NA,NA,NA,NA,NA,NA,NA,NA
"Asia","Taiwan","TWSE","Taiwan Stock Exchange (TWSE)",2010,8222.42,8990.38,7032.4,8972.5,967536800,8972.46,9.12,0.04,1.23,7.48,6.17,7.79,NA,NA,NA,NA,NA,NA,NA,NA,NA
"Asia","Taiwan","TWSE","Taiwan Stock Exchange (TWSE)",2011,9039.63,9220.69,6609.11,7072.08,640657600,7072.05,-21.77,-0.09,2.03,7.48,5.35,-23.32,NA,NA,NA,NA,NA,NA,NA,NA,NA
"Asia","Taiwan","TWSE","Taiwan Stock Exchange (TWSE)",2013,7738.05,8647.24,7603.27,8611.51,518542200,8611.47,11.29,0.05,0.33,7.48,7.13,10.92,NA,NA,NA,NA,NA,NA,NA,NA,NA
"Asia","Taiwan","TWSE","Taiwan Stock Exchange (TWSE)",2014,8618.6,9593.68,8230.46,9307.26,550559000,9307.22,7.99,0.03,0.61,7.48,6.84,7.34,NA,NA,NA,NA,NA,NA,NA,NA,NA
"Asia","Taiwan","TWSE","Taiwan Stock Exchange (TWSE)",2018,10664.82,11270.18,9400.69,9727.41,570601100,9727.41,-8.79,-0.03,-0.06,7.48,7.55,-8.73,NA,NA,NA,NA,NA,NA,NA,NA,NA
"Asia","Taiwan","TWSE","Taiwan Stock Exchange (TWSE)",2019,9725.27,12125.9,9319.28,11997.14,493926800,11997.14,23.36,0.09,1.15,7.48,6.26,21.96,NA,NA,NA,NA,NA,NA,NA,NA,NA
"Asia","Taiwan","TWSE","Taiwan Stock Exchange (TWSE)",2020,12026.5,14760.06,8523.63,14732.53,889599100,14732.53,22.5,0.09,0.04,7.48,7.44,22.45,NA,NA,NA,NA,NA,NA,NA,NA,NA
"Asia","Taiwan","TWSE","Taiwan Stock Exchange (TWSE)",2021,14720.25,18291.25,14720.25,18218.84,1474179100,18218.84,23.77,0.09,2.63,7.48,4.73,20.59,NA,NA,NA,NA,NA,NA,NA,NA,NA
"Asia","Taiwan","TWSE","Taiwan Stock Exchange (TWSE)",2022,18260.23,18619.61,12629.48,14137.69,802857400,14137.69,-22.58,-0.1,2.71,7.48,4.65,-24.62,NA,NA,NA,NA,NA,NA,NA,NA,NA
"Asia","Taiwan","TWSE","Taiwan Stock Exchange (TWSE)",2023,14108.16,17945.7,14001.97,17930.81,763549300,17930.81,27.1,0.1,2.7,7.48,4.66,23.76,NA,NA,NA,NA,NA,NA,NA,NA,NA
"Asia","Taiwan","TWSE","Taiwan Stock Exchange (TWSE)",2024,17939.79,24416.67,17151.58,23035.1,951586200,23035.1,28.4,0.11,2.29,7.48,5.08,25.53,NA,NA,NA,NA,NA,NA,NA,NA,NA
"Asia","Taiwan","TWSE","Taiwan Stock Exchange (TWSE)",2025,22975.71,23943.95,17306.97,20543.4,241543500,20543.4,-10.59,-0.12,1.9,7.48,5.48,-12.26,NA,NA,NA,NA,NA,NA,NA,NA,NA
"Asia","Indonesia","JCI","Jakarta Stock Exchange",2010,2533.95,3788.56,2431.84,3703.51,11181702200,3703.37,46.15,0.16,5.13,10.16,4.78,39.01,NA,NA,NA,NA,NA,NA,NA,NA,NA
"Asia","Indonesia","JCI","Jakarta Stock Exchange",2011,3704.44,4195.72,3217.95,3821.99,9274010000,3821.84,3.17,0.02,5.36,10.16,4.56,-2.08,NA,NA,NA,NA,NA,NA,NA,NA,NA
"Asia","Indonesia","JCI","Jakarta Stock Exchange",2012,3821.63,4381.75,3635.28,4316.69,7907471700,4316.52,12.95,0.05,4.28,10.16,5.64,8.31,NA,NA,NA,NA,NA,NA,NA,NA,NA
"Asia","Indonesia","JCI","Jakarta Stock Exchange",2013,4322.58,5251.3,3837.74,4274.18,10203161400,4274.01,-1.12,0,6.41,10.16,3.52,-7.08,NA,NA,NA,NA,NA,NA,NA,NA,NA
"Asia","Indonesia","JCI","Jakarta Stock Exchange",2016,4580.17,5491.7,4408.8,5296.71,46593226900,5296.71,15.64,0.06,3.53,10.16,6.4,11.71,NA,NA,NA,NA,NA,NA,NA,NA,NA
"Asia","Indonesia","JCI","Jakarta Stock Exchange",2020,6313.13,6348.53,3911.72,5979.07,21188364600,5979.07,-5.29,-0.01,1.92,10.16,8.08,-7.08,NA,NA,NA,NA,NA,NA,NA,NA,NA
"Asia","Indonesia","JCI","Jakarta Stock Exchange",2021,5997.83,6754.46,5735.47,6581.48,44511158400,6581.48,9.73,0.04,1.56,10.16,8.46,8.05,NA,NA,NA,NA,NA,NA,NA,NA,NA
"Asia","Indonesia","JCI","Jakarta Stock Exchange",2022,6586.26,7377.5,6509.88,6850.62,50992434700,6850.62,4.01,0.02,4.21,10.16,5.71,-0.19,NA,NA,NA,NA,NA,NA,NA,NA,NA
"Asia","Indonesia","JCI","Jakarta Stock Exchange",2023,6850.74,7309.78,6542.79,7272.8,40495521000,7272.8,6.16,0.03,3.67,10.16,6.26,2.4,NA,NA,NA,NA,NA,NA,NA,NA,NA
"Asia","Malaysia","KLCI","Bursa Malaysia",1993,1018.73,1275.32,1018.73,1275.32,0,1275.32,25.19,1.11,3.54,4.39,0.83,20.91,NA,NA,NA,NA,NA,NA,NA,NA,NA
"Asia","Malaysia","KLCI","Bursa Malaysia",2005,907.02,953.88,858.84,899.79,16747024000,899.79,-0.8,0,2.98,4.39,1.38,-3.66,NA,NA,NA,NA,NA,NA,NA,NA,NA
"Asia","Malaysia","KLCI","Bursa Malaysia",2011,1524.53,1597.08,1310.53,1530.73,31729266800,1530.73,0.41,0,3.17,4.39,1.18,-2.68,NA,NA,NA,NA,NA,NA,NA,NA,NA
"Asia","Malaysia","KLCI","Bursa Malaysia",2012,1523.6,1688.95,1502.09,1688.95,33079353600,1688.95,10.85,0.04,1.66,4.39,2.69,9.04,NA,NA,NA,NA,NA,NA,NA,NA,NA
"Asia","Malaysia","KLCI","Bursa Malaysia",2013,1685.15,1882.2,1597,1866.96,37041487700,1866.96,10.79,0.04,2.11,4.39,2.24,8.5,NA,NA,NA,NA,NA,NA,NA,NA,NA
"Asia","Malaysia","KLCI","Bursa Malaysia",2015,1757.15,1867.53,1503.68,1692.51,32450191100,1692.51,-3.68,-0.01,2.1,4.39,2.24,-5.66,NA,NA,NA,NA,NA,NA,NA,NA,NA
"Asia","Malaysia","KLCI","Bursa Malaysia",2020,1590.98,1695.96,1207.8,1627.21,40375595200,1627.21,2.28,0.02,-1.14,4.39,5.6,3.46,NA,NA,NA,NA,NA,NA,NA,NA,NA
"Asia","Malaysia","KLCI","Bursa Malaysia",2021,1629.01,1646.24,1475.37,1567.53,40867900100,1567.53,-3.77,-0.01,2.48,4.39,1.87,-6.1,NA,NA,NA,NA,NA,NA,NA,NA,NA
"Asia","Malaysia","KLCI","Bursa Malaysia",2022,1553.64,1620.44,1372.57,1495.49,48895127100,1495.49,-3.74,-0.02,3.38,4.39,0.98,-6.89,NA,NA,NA,NA,NA,NA,NA,NA,NA
"Asia","Malaysia","KLCI","Bursa Malaysia",2023,1488.54,1501.86,1369.41,1454.66,29402294700,1454.66,-2.28,-0.01,2.49,4.39,1.86,-4.65,NA,NA,NA,NA,NA,NA,NA,NA,NA
"Asia","Malaysia","KLCI","Bursa Malaysia",2024,1452.2,1684.68,1446.36,1642.33,56789779600,1642.33,13.09,0.05,1.83,4.39,2.51,11.06,NA,NA,NA,NA,NA,NA,NA,NA,NA
"North America","USA","S&P 500","New York Stock Exchange (NYSE)",1993,43.97,47.16,42.81,46.59,51762800,26.58,-39.54,0.04,2.95,-15.85,-18.26,-41.28,NA,NA,NA,NA,NA,NA,NA,NA,NA
"North America","USA","S&P 500","New York Stock Exchange (NYSE)",1994,46.59,48.31,43.34,45.56,101364400,26.69,-42.72,0,2.61,-15.85,-17.99,-44.18,NA,NA,NA,NA,NA,NA,NA,NA,NA
"North America","USA","S&P 500","New York Stock Exchange (NYSE)",1995,45.7,62.8,45.69,61.48,79076300,36.84,-19.39,0.13,2.81,-15.85,-18.15,-21.59,NA,NA,NA,NA,NA,NA,NA,NA,NA
"North America","USA","S&P 500","New York Stock Exchange (NYSE)",1996,61.41,76.69,59.64,73.84,229314200,45.13,-26.5,0.08,2.93,-15.85,-18.25,-28.6,NA,NA,NA,NA,NA,NA,NA,NA,NA
"North America","USA","S&P 500","New York Stock Exchange (NYSE)",1997,74.38,99,72.75,97.06,806460900,60.24,-19.01,0.12,2.34,-15.85,-17.77,-20.86,NA,NA,NA,NA,NA,NA,NA,NA,NA
"North America","USA","S&P 500","New York Stock Exchange (NYSE)",1998,97.31,124.75,90.91,123.31,1873262600,77.52,-20.34,0.11,1.55,-15.85,-17.14,-21.55,NA,NA,NA,NA,NA,NA,NA,NA,NA
"North America","USA","S&P 500","New York Stock Exchange (NYSE)",1999,123.38,147.56,120.38,146.88,1824218400,93.33,-24.35,0.08,2.19,-15.85,-17.65,-25.97,NA,NA,NA,NA,NA,NA,NA,NA,NA
"North America","USA","S&P 500","New York Stock Exchange (NYSE)",2000,148.25,155.75,125.53,131.19,1931577800,84.24,-43.18,-0.03,3.38,-15.85,-18.6,-45.04,NA,NA,NA,NA,NA,NA,NA,NA,NA
"North America","USA","S&P 500","New York Stock Exchange (NYSE)",2001,132,138.7,93.8,114.3,3420728000,74.33,-43.69,-0.04,2.83,-15.85,-18.16,-45.24,NA,NA,NA,NA,NA,NA,NA,NA,NA
"North America","USA","S&P 500","New York Stock Exchange (NYSE)",2002,115.11,117.99,77.07,88.23,8516467700,58.29,-49.36,-0.08,1.59,-15.85,-17.16,-50.15,NA,NA,NA,NA,NA,NA,NA,NA,NA
"North America","USA","S&P 500","New York Stock Exchange (NYSE)",2003,88.85,111.52,79.38,111.28,10303214100,74.71,-15.91,0.1,2.27,-15.85,-17.72,-17.78,NA,NA,NA,NA,NA,NA,NA,NA,NA
"North America","USA","S&P 500","New York Stock Exchange (NYSE)",2004,111.74,121.66,106.59,120.87,10794486300,82.71,-25.98,0.04,2.68,-15.85,-18.04,-27.91,NA,NA,NA,NA,NA,NA,NA,NA,NA
"North America","USA","S&P 500","New York Stock Exchange (NYSE)",2005,121.56,128.09,113.55,124.51,15408979600,86.7,-28.68,0.02,3.39,-15.85,-18.61,-31.02,NA,NA,NA,NA,NA,NA,NA,NA,NA
"North America","USA","S&P 500","New York Stock Exchange (NYSE)",2006,125.19,143.24,122.34,141.62,17580332100,100.44,-19.77,0.06,3.23,-15.85,-18.48,-22.28,NA,NA,NA,NA,NA,NA,NA,NA,NA
"North America","USA","S&P 500","New York Stock Exchange (NYSE)",2007,142.25,157.52,136.75,146.21,39313707500,105.61,-25.76,0.03,2.85,-15.85,-18.18,-27.82,NA,NA,NA,NA,NA,NA,NA,NA,NA
"North America","USA","S&P 500","New York Stock Exchange (NYSE)",2008,146.53,146.99,74.34,90.24,75960832400,66.75,-54.45,-0.15,3.84,-15.85,-18.96,-56.13,NA,NA,NA,NA,NA,NA,NA,NA,NA
"North America","USA","S&P 500","New York Stock Exchange (NYSE)",2009,90.44,113.03,67.1,111.44,62062517700,84.34,-6.75,0.11,-0.36,-15.85,-15.55,-6.41,NA,NA,NA,NA,NA,NA,NA,NA,NA
"North America","USA","S&P 500","New York Stock Exchange (NYSE)",2010,112.37,126.2,101.13,125.75,52842437000,97.04,-13.65,0.06,1.64,-15.85,-17.21,-15.04,NA,NA,NA,NA,NA,NA,NA,NA,NA
"North America","USA","S&P 500","New York Stock Exchange (NYSE)",2011,126.71,137.18,107.43,125.5,54991433900,98.87,-21.97,0.02,3.16,-15.85,-18.43,-24.36,NA,NA,NA,NA,NA,NA,NA,NA,NA
"North America","USA","S&P 500","New York Stock Exchange (NYSE)",2012,127.76,148.11,126.43,142.41,35832734200,114.69,-10.23,0.06,2.07,-15.85,-17.56,-12.05,NA,NA,NA,NA,NA,NA,NA,NA,NA
"North America","USA","S&P 500","New York Stock Exchange (NYSE)",2013,145.11,184.69,144.73,184.69,30627778200,151.74,4.57,0.11,1.46,-15.85,-17.07,3.06,NA,NA,NA,NA,NA,NA,NA,NA,NA
"North America","USA","S&P 500","New York Stock Exchange (NYSE)",2014,183.98,212.97,173.71,205.54,27670351600,172.17,-6.42,0.05,1.62,-15.85,-17.19,-7.91,NA,NA,NA,NA,NA,NA,NA,NA,NA
"North America","USA","S&P 500","New York Stock Exchange (NYSE)",2015,206.38,213.78,182.4,203.87,31152292100,174.29,-15.55,0.01,0.12,-15.85,-15.95,-15.65,NA,NA,NA,NA,NA,NA,NA,NA,NA
"North America","USA","S&P 500","New York Stock Exchange (NYSE)",2016,200.49,228.34,181.02,223.53,26390533500,195.2,-2.64,0.05,1.26,-15.85,-16.9,-3.85,NA,NA,NA,NA,NA,NA,NA,NA,NA
"North America","USA","S&P 500","New York Stock Exchange (NYSE)",2017,225.04,268.6,223.88,266.86,17684746700,237.57,5.57,0.08,2.13,-15.85,-17.61,3.37,NA,NA,NA,NA,NA,NA,NA,NA,NA
"North America","USA","S&P 500","New York Stock Exchange (NYSE)",2018,267.84,293.94,233.76,249.92,24388282200,226.72,-15.35,-0.01,2.44,-15.85,-17.86,-17.37,NA,NA,NA,NA,NA,NA,NA,NA,NA
"North America","USA","S&P 500","New York Stock Exchange (NYSE)",2019,245.98,323.8,243.67,321.86,17650707500,297.51,20.95,0.11,1.81,-15.85,-17.35,18.8,NA,NA,NA,NA,NA,NA,NA,NA,NA
"North America","USA","S&P 500","New York Stock Exchange (NYSE)",2020,323.54,378.46,218.26,373.88,25390906800,352.05,8.81,0.09,1.23,-15.85,-16.88,7.49,NA,NA,NA,NA,NA,NA,NA,NA,NA
"North America","USA","S&P 500","New York Stock Exchange (NYSE)",2021,375.31,479,364.82,474.96,18596398600,453.19,20.75,0.1,4.7,-15.85,-19.63,15.33,NA,NA,NA,NA,NA,NA,NA,NA,NA
"North America","USA","S&P 500","New York Stock Exchange (NYSE)",2022,476.3,479.98,348.11,382.43,23784662100,370.82,-22.15,-0.07,8,-15.85,-22.09,-27.91,NA,NA,NA,NA,NA,NA,NA,NA,NA
"North America","USA","S&P 500","New York Stock Exchange (NYSE)",2023,384.37,477.55,377.83,475.31,20480972900,467.88,21.73,0.1,4.12,-15.85,-19.18,16.91,NA,NA,NA,NA,NA,NA,NA,NA,NA
"North America","USA","S&P 500","New York Stock Exchange (NYSE)",2024,472.16,609.07,466.43,586.08,14468059100,584.32,23.76,0.09,2.95,-15.85,-18.26,20.21,NA,NA,NA,NA,NA,NA,NA,NA,NA
"North America","Canada","S&P/TSX Composite Index","Toronto Stock Exchange (TSX)",2005,9190.1,11296.8,8952.8,11272.3,31566608300,11272.3,22.66,0.08,2.21,6.03,3.73,20,NA,NA,NA,NA,NA,NA,NA,NA,NA
"North America","Canada","S&P/TSX Composite Index","Toronto Stock Exchange (TSX)",2006,11304.6,13053.2,10860.7,12908.4,45969682000,12908.4,14.19,0.06,2,6.03,3.94,11.95,NA,NA,NA,NA,NA,NA,NA,NA,NA
"North America","Canada","S&P/TSX Composite Index","Toronto Stock Exchange (TSX)",2007,12924.5,14646.8,12412.6,13833.1,53211723500,13833.1,7.03,0.03,2.14,6.03,3.81,4.79,NA,NA,NA,NA,NA,NA,NA,NA,NA
"North America","Canada","S&P/TSX Composite Index","Toronto Stock Exchange (TSX)",2008,13907.7,15154.8,7647.1,8987.7,63285759100,8987.7,-35.38,-0.14,2.37,6.03,3.57,-36.87,NA,NA,NA,NA,NA,NA,NA,NA,NA
"North America","Canada","S&P/TSX Composite Index","Toronto Stock Exchange (TSX)",2009,8951.9,11816.3,7480,11746.1,52590218300,11746.1,31.21,0.12,0.3,6.03,5.71,30.82,NA,NA,NA,NA,NA,NA,NA,NA,NA
"North America","Canada","S&P/TSX Composite Index","Toronto Stock Exchange (TSX)",2010,11847.3,13493.6,10990.4,13443.2,48272697600,13443.2,13.47,0.06,1.78,6.03,4.17,11.49,NA,NA,NA,NA,NA,NA,NA,NA,NA
"North America","Canada","S&P/TSX Composite Index","Toronto Stock Exchange (TSX)",2011,13530.4,14329.5,10848.2,11955.1,54298576700,11955.1,-11.64,-0.04,2.91,6.03,3.02,-14.14,NA,NA,NA,NA,NA,NA,NA,NA,NA
"North America","Canada","S&P/TSX Composite Index","Toronto Stock Exchange (TSX)",2012,12097.2,12788.6,11209.6,12433.5,44907590700,12433.5,2.78,0.02,1.52,6.03,4.44,1.25,NA,NA,NA,NA,NA,NA,NA,NA,NA
"North America","Canada","S&P/TSX Composite Index","Toronto Stock Exchange (TSX)",2013,12571.8,13644.3,11759,13621.6,29640418200,13621.6,8.35,0.04,0.94,6.03,5.04,7.34,NA,NA,NA,NA,NA,NA,NA,NA,NA
"North America","Canada","S&P/TSX Composite Index","Toronto Stock Exchange (TSX)",2014,13621.4,15685.1,13450.3,14632.4,45293416900,14632.4,7.42,0.03,1.91,6.03,4.04,5.41,NA,NA,NA,NA,NA,NA,NA,NA,NA
"North America","Canada","S&P/TSX Composite Index","Toronto Stock Exchange (TSX)",2015,14637.3,15524.8,12617.7,13010,50750180600,13010,-11.12,-0.04,1.13,6.03,4.85,-12.11,NA,NA,NA,NA,NA,NA,NA,NA,NA
"North America","Canada","S&P/TSX Composite Index","Toronto Stock Exchange (TSX)",2016,12920.6,15432.6,11531.2,15287.6,57196405800,15287.6,18.32,0.07,1.43,6.03,4.53,16.65,NA,NA,NA,NA,NA,NA,NA,NA,NA
"North America","Canada","S&P/TSX Composite Index","Toronto Stock Exchange (TSX)",2017,15366.8,16232.2,14915.8,16209.1,48673226700,16209.1,5.48,0.02,1.6,6.03,4.36,3.82,NA,NA,NA,NA,NA,NA,NA,NA,NA
"North America","Canada","S&P/TSX Composite Index","Toronto Stock Exchange (TSX)",2018,16213.4,16586.5,13776.9,14322.9,56063278500,14322.9,-11.66,-0.05,2.27,6.03,3.67,-13.62,NA,NA,NA,NA,NA,NA,NA,NA,NA
"North America","Canada","S&P/TSX Composite Index","Toronto Stock Exchange (TSX)",2019,14163.9,17230.6,14112.8,17063.4,54138678500,17063.4,20.47,0.07,1.95,6.03,4,18.17,NA,NA,NA,NA,NA,NA,NA,NA,NA
"North America","Canada","S&P/TSX Composite Index","Toronto Stock Exchange (TSX)",2020,17131.6,17970.5,11172.7,17433.4,69938675200,17433.4,1.76,0.03,0.72,6.03,5.27,1.04,NA,NA,NA,NA,NA,NA,NA,NA,NA
"North America","Canada","S&P/TSX Composite Index","Toronto Stock Exchange (TSX)",2021,17583.4,21796.2,17297.8,21222.8,57768045700,21222.8,20.7,0.08,3.4,6.03,2.54,16.73,NA,NA,NA,NA,NA,NA,NA,NA,NA
"North America","Canada","S&P/TSX Composite Index","Toronto Stock Exchange (TSX)",2022,21335.6,22213.1,17873.2,19384.9,66681165700,19384.9,-9.14,-0.03,6.8,6.03,-0.73,-14.93,NA,NA,NA,NA,NA,NA,NA,NA,NA
"North America","Canada","S&P/TSX Composite Index","Toronto Stock Exchange (TSX)",2023,19531.4,21091.1,18692.1,20958.4,55668647300,20958.4,7.31,0.03,3.88,6.03,2.07,3.3,NA,NA,NA,NA,NA,NA,NA,NA,NA
"North America","Canada","S&P/TSX Composite Index","Toronto Stock Exchange (TSX)",2024,20904.3,25843.2,20466.5,24727.9,57746401300,24727.9,18.29,0.07,2.38,6.03,3.56,15.54,NA,NA,NA,NA,NA,NA,NA,NA,NA
"Middle East","Saudi Arabia","Tadawul All Share Index (TASI)","Saudi Stock Exchange (Tadawul)",2020,8389.23,8765.8,5959.69,8689.53,79099784200,8689.53,3.58,0.02,3.45,3.58,0.13,0.13,NA,NA,NA,NA,NA,NA,NA,NA,NA
"Europe","Europe","STXE 600","17 European countries",2004,239.3,NA,NA,NA,NA,NA,NA,0.03,NA,NA,NA,NA,NA,NA,NA,NA,NA,NA,NA,NA,NA
"Europe","Europe","STXE 600","17 European countries",2005,251.24,NA,NA,310.03,NA,310.03,23.4,0.08,NA,NA,NA,NA,NA,NA,NA,NA,NA,NA,NA,NA,NA
"Europe","Europe","STXE 600","17 European countries",2006,310.01,NA,NA,365.26,NA,365.26,17.82,0.06,NA,NA,NA,NA,NA,NA,NA,NA,NA,NA,NA,NA,NA
"Europe","Europe","STXE 600","17 European countries",2007,369.79,400.99,347.72,364.64,0,364.64,-1.39,0,NA,NA,NA,NA,NA,NA,NA,NA,NA,NA,NA,NA,NA
"Europe","Europe","STXE 600","17 European countries",2008,360.03,NA,NA,196.9,NA,196.9,-45.31,-0.24,NA,NA,NA,NA,NA,NA,NA,NA,NA,NA,NA,NA,NA
"Europe","Europe","STXE 600","17 European countries",2009,205.29,NA,NA,253.16,NA,253.16,23.32,0.12,NA,NA,NA,NA,NA,NA,NA,NA,NA,NA,NA,NA,NA
"Europe","Europe","STXE 600","17 European countries",2010,254.24,NA,NA,277.02,NA,277.02,8.96,0.05,NA,NA,NA,NA,NA,NA,NA,NA,NA,NA,NA,NA,NA
"Europe","Europe","STXE 600","17 European countries",2011,276.28,NA,NA,244.54,NA,244.54,-11.49,-0.04,NA,NA,NA,NA,NA,NA,NA,NA,NA,NA,NA,NA,NA
"Europe","Europe","STXE 600","17 European countries",2012,248.22,NA,NA,278.78,NA,278.78,12.31,0.06,NA,NA,NA,NA,NA,NA,NA,NA,NA,NA,NA,NA,NA
"Europe","Europe","STXE 600","17 European countries",2013,285.51,328.42,274.97,327.13,26731583300,327.13,14.58,0.07,NA,NA,NA,NA,NA,NA,NA,NA,NA,NA,NA,NA,NA
"Europe","Europe","STXE 600","17 European countries",2014,326.14,NA,NA,341.02,NA,341.02,4.56,0.02,NA,NA,NA,NA,NA,NA,NA,NA,NA,NA,NA,NA,NA
"Europe","Europe","STXE 600","17 European countries",2015,340.58,415.18,330.85,367.7,69327625800,367.7,7.96,0.04,NA,NA,NA,NA,NA,NA,NA,NA,NA,NA,NA,NA,NA
"Europe","Europe","STXE 600","17 European countries",2016,365.48,365.48,302.59,361.42,74171179300,361.42,-1.11,0,NA,NA,NA,NA,NA,NA,NA,NA,NA,NA,NA,NA,NA
"Europe","Europe","STXE 600","17 European countries",2017,364.25,398.05,359.92,389.18,54921207600,389.18,6.84,0.03,NA,NA,NA,NA,NA,NA,NA,NA,NA,NA,NA,NA,NA
"Europe","Europe","STXE 600","17 European countries",2018,388.74,403.72,327.34,336.23,50891180700,336.23,-13.51,-0.06,NA,NA,NA,NA,NA,NA,NA,NA,NA,NA,NA,NA,NA
"Europe","Europe","STXE 600","17 European countries",2019,335.64,420.72,333.51,416.17,47740931500,416.17,23.99,0.09,NA,NA,NA,NA,NA,NA,NA,NA,NA,NA,NA,NA,NA
"Europe","Europe","STXE 600","17 European countries",2020,418.73,433.9,268.57,400.25,62298594000,400.25,-4.41,0,NA,NA,NA,NA,NA,NA,NA,NA,NA,NA,NA,NA,NA
"Europe","Europe","STXE 600","17 European countries",2021,400.59,490.58,394.4,488.71,47384461300,488.71,22,0.08,NA,NA,NA,NA,NA,NA,NA,NA,NA,NA,NA,NA,NA
"Europe","Europe","STXE 600","17 European countries",2022,488.28,495.46,379.72,424.89,53696167500,424.89,-12.98,-0.05,NA,NA,NA,NA,NA,NA,NA,NA,NA,NA,NA,NA,NA
"Europe","Europe","STXE 600","17 European countries",2023,430.01,480.64,427.77,479.02,47149503700,479.02,11.4,0.05,NA,NA,NA,NA,NA,NA,NA,NA,NA,NA,NA,NA,NA
"Europe","Europe","STXE 600","17 European countries",2024,478.17,528.68,464.99,504.85,51361818100,504.85,5.58,0.02,NA,NA,NA,NA,NA,NA,NA,NA,NA,NA,NA,NA,NA
"Europe","Europe","STXE 600","17 European countries",2025,510.87,565.18,464.26,535.63,20449121400,535.63,4.85,0.08,NA,NA,NA,NA,NA,NA,NA,NA,NA,NA,NA,NA,NA
"Asia","Asia","MSCI All Country Asia ex Japan","11 Asian markets, excluding Japan",2008,49,49,25.14,33.53,15491100,24.95,-49.09,-0.31,NA,NA,NA,NA,NA,NA,NA,NA,NA,NA,NA,NA,NA
"Asia","Asia","MSCI All Country Asia ex Japan","11 Asian markets, excluding Japan",2009,34.37,57.06,26.69,55.71,65957300,42.03,22.29,0.24,NA,NA,NA,NA,NA,NA,NA,NA,NA,NA,NA,NA,NA
"Asia","Asia","MSCI All Country Asia ex Japan","11 Asian markets, excluding Japan",2010,57,65.8,22,63.7,130026600,48.85,-14.3,0.07,NA,NA,NA,NA,NA,NA,NA,NA,NA,NA,NA,NA,NA
"Asia","Asia","MSCI All Country Asia ex Japan","11 Asian markets, excluding Japan",2011,64.6,65.31,44.27,49.9,148955900,39,-39.63,-0.07,NA,NA,NA,NA,NA,NA,NA,NA,NA,NA,NA,NA,NA
"Asia","Asia","MSCI All Country Asia ex Japan","11 Asian markets, excluding Japan",2012,50.84,60.52,49.07,60.52,120345300,48.19,-5.21,0.09,NA,NA,NA,NA,NA,NA,NA,NA,NA,NA,NA,NA,NA
"Asia","Asia","MSCI All Country Asia ex Japan","11 Asian markets, excluding Japan",2013,61.44,61.94,51.6,60.31,151702200,48.94,-20.35,0.01,NA,NA,NA,NA,NA,NA,NA,NA,NA,NA,NA,NA,NA
"Asia","Asia","MSCI All Country Asia ex Japan","11 Asian markets, excluding Japan",2014,59.16,66.57,54.63,60.93,161588800,50.34,-14.91,0.01,NA,NA,NA,NA,NA,NA,NA,NA,NA,NA,NA,NA,NA
"Asia","Asia","MSCI All Country Asia ex Japan","11 Asian markets, excluding Japan",2015,61.17,69.94,47.61,53.41,326474500,45.15,-26.18,-0.04,NA,NA,NA,NA,NA,NA,NA,NA,NA,NA,NA,NA,NA
"Asia","Asia","MSCI All Country Asia ex Japan","11 Asian markets, excluding Japan",2016,51.96,61.63,46.14,54.93,260805400,47.27,-9.02,0.03,NA,NA,NA,NA,NA,NA,NA,NA,NA,NA,NA,NA,NA
"Asia","Asia","MSCI All Country Asia ex Japan","11 Asian markets, excluding Japan",2017,55.46,78.44,55.32,76.28,275613400,67.01,20.83,0.14,NA,NA,NA,NA,NA,NA,NA,NA,NA,NA,NA,NA,NA
"Asia","Asia","MSCI All Country Asia ex Japan","11 Asian markets, excluding Japan",2018,77.39,83.52,60.48,63.53,286995200,56.94,-26.43,-0.06,NA,NA,NA,NA,NA,NA,NA,NA,NA,NA,NA,NA,NA
"Asia","Asia","MSCI All Country Asia ex Japan","11 Asian markets, excluding Japan",2019,62.58,73.93,61.55,73.5,315911700,67.15,7.3,0.07,NA,NA,NA,NA,NA,NA,NA,NA,NA,NA,NA,NA,NA
"Asia","Asia","MSCI All Country Asia ex Japan","11 Asian markets, excluding Japan",2020,74.3,90.12,52.95,89.61,345497700,82.83,11.48,0.1,NA,NA,NA,NA,NA,NA,NA,NA,NA,NA,NA,NA,NA
"Asia","Asia","MSCI All Country Asia ex Japan","11 Asian markets, excluding Japan",2021,91.24,102.44,79.8,82.7,277356300,78.08,-14.42,-0.02,NA,NA,NA,NA,NA,NA,NA,NA,NA,NA,NA,NA,NA
"Asia","Asia","MSCI All Country Asia ex Japan","11 Asian markets, excluding Japan",2022,83.13,85.72,54.39,64.79,327063000,62.19,-25.18,-0.08,NA,NA,NA,NA,NA,NA,NA,NA,NA,NA,NA,NA,NA
"Asia","Asia","MSCI All Country Asia ex Japan","11 Asian markets, excluding Japan",2023,65.78,73.09,60.92,66.57,164892900,65.37,-0.62,0.03,NA,NA,NA,NA,NA,NA,NA,NA,NA,NA,NA,NA,NA
"Asia","Asia","MSCI All Country Asia ex Japan","11 Asian markets, excluding Japan",2024,65.47,82.25,61.3,72.18,138647700,72.18,10.25,0.05,NA,NA,NA,NA,NA,NA,NA,NA,NA,NA,NA,NA,NA
"Asia","Asia","MSCI All Country Asia ex Japan","11 Asian markets, excluding Japan",2025,72.13,77.49,64.33,75.55,53024000,75.55,4.74,0.06,NA,NA,NA,NA,NA,NA,NA,NA,NA,NA,NA,NA,NA
"Asia8","Asia8 Benchmark","Asia8 Regional Average","8 Asian Markets",1993,NA,NA,NA,NA,NA,NA,NA,NA,NA,NA,NA,NA,25.1872400675052,1.11117538444926,3.53658536585389,20.9111152595454,1,"asia8",10.3500919405239,6.58077195668949,"asia8"
"Asia8","Asia8 Benchmark","Asia8 Regional Average","8 Asian Markets",2005,NA,NA,NA,NA,NA,NA,NA,NA,NA,NA,NA,NA,-0.797120388549169,-0.00223728112329743,2.97507092684449,-3.66320827112951,1,"asia8",10.3500919405239,7.16194798148646,"asia8"
"Asia8","Asia8 Benchmark","Asia8 Regional Average","8 Asian Markets",2006,NA,NA,NA,NA,NA,NA,NA,NA,NA,NA,NA,NA,88.097494413557,0.262378118955114,3.72297718508747,82.224069090749,1,"asia8",10.3500919405239,6.38924463536243,"asia8"
"Asia8","Asia8 Benchmark","Asia8 Regional Average","8 Asian Markets",2007,NA,NA,NA,NA,NA,NA,NA,NA,NA,NA,NA,NA,16.850709628651,0.0657323735759506,2.8459336155877,13.1096868888684,1,"asia8",10.3500919405239,7.29650464644023,"asia8"
"Asia8","Asia8 Benchmark","Asia8 Regional Average","8 Asian Markets",2008,NA,NA,NA,NA,NA,NA,NA,NA,NA,NA,NA,NA,-53.4799891310137,-0.28516456311903,3.65266511603006,-54.8451312479854,1,"asia8",10.3500919405239,6.46141304422481,"asia8"
"Asia8","Asia8 Benchmark","Asia8 Regional Average","8 Asian Markets",2009,NA,NA,NA,NA,NA,NA,NA,NA,NA,NA,NA,NA,62.8884823836776,0.209872377193203,1.0141656470032,61.5461657464637,1,"asia8",10.3500919405239,9.24219512552855,"asia8"
"Asia8","Asia8 Benchmark","Asia8 Regional Average","8 Asian Markets",2010,NA,NA,NA,NA,NA,NA,NA,NA,NA,NA,NA,NA,18.4113710023303,0.07111206232559,2.14474610712959,15.6008288914772,1,"asia8",10.3500919405239,8.03305715282558,"asia8"
"Asia8","Asia8 Benchmark","Asia8 Regional Average","8 Asian Markets",2011,NA,NA,NA,NA,NA,NA,NA,NA,NA,NA,NA,NA,-13.9536138018499,-0.0545951635182211,4.12520526042367,-17.2693095572761,1,"asia8",10.3500919405239,5.97827074100972,"asia8"
"Asia8","Asia8 Benchmark","Asia8 Regional Average","8 Asian Markets",2012,NA,NA,NA,NA,NA,NA,NA,NA,NA,NA,NA,NA,11.4001127234597,0.0484913531749443,2.14112037631142,9.13056865945751,1,"asia8",10.3500919405239,8.03689203130797,"asia8"
"Asia8","Asia8 Benchmark","Asia8 Regional Average","8 Asian Markets",2013,NA,NA,NA,NA,NA,NA,NA,NA,NA,NA,NA,NA,9.45953578435292,0.0398753634608635,2.20926180111981,7.30876022411507,1,"asia8",10.3500919405239,7.9648654103819,"asia8"
"Asia8","Asia8 Benchmark","Asia8 Regional Average","8 Asian Markets",2014,NA,NA,NA,NA,NA,NA,NA,NA,NA,NA,NA,NA,3.73880754665383,0.0174090667164353,1.54703152824858,2.1550592581384,1,"asia8",10.3500919405239,8.66894903749742,"asia8"
"Asia8","Asia8 Benchmark","Asia8 Regional Average","8 Asian Markets",2015,NA,NA,NA,NA,NA,NA,NA,NA,NA,NA,NA,NA,4.92976671677494,0.0326024830310312,1.44556441410666,3.46622576483813,1,"asia8",10.3500919405239,8.77764107070116,"asia8"
"Asia8","Asia8 Benchmark","Asia8 Regional Average","8 Asian Markets",2016,NA,NA,NA,NA,NA,NA,NA,NA,NA,NA,NA,NA,1.67288959649812,0.0110225517402406,1.16759302690098,0.474071564961038,1,"asia8",10.3500919405239,9.0765220747925,"asia8"
"Asia8","Asia8 Benchmark","Asia8 Regional Average","8 Asian Markets",2017,NA,NA,NA,NA,NA,NA,NA,NA,NA,NA,NA,NA,18.4724284042362,0.0699811243579872,1.86047549833934,16.2775813243428,1,"asia8",10.3500919405239,8.33455410516215,"asia8"
"Asia8","Asia8 Benchmark","Asia8 Regional Average","8 Asian Markets",2018,NA,NA,NA,NA,NA,NA,NA,NA,NA,NA,NA,NA,-11.0167475565754,-0.0449953349492314,1.57328861060907,-12.4325889993354,1,"asia8",10.3500919405239,8.64085769986389,"asia8"
"Asia8","Asia8 Benchmark","Asia8 Regional Average","8 Asian Markets",2019,NA,NA,NA,NA,NA,NA,NA,NA,NA,NA,NA,NA,18.2505215405218,0.0738009651339387,1.22555201936859,16.796792578901,1,"asia8",10.3500919405239,9.01406783082734,"asia8"
"Asia8","Asia8 Benchmark","Asia8 Regional Average","8 Asian Markets",2020,NA,NA,NA,NA,NA,NA,NA,NA,NA,NA,NA,NA,13.4962704582886,0.0605694485221732,0.625771035249971,12.8295083018087,1,"asia8",10.3500919405239,9.66384734768135,"asia8"
"Asia8","Asia8 Benchmark","Asia8 Regional Average","8 Asian Markets",2021,NA,NA,NA,NA,NA,NA,NA,NA,NA,NA,NA,NA,7.46050216578407,0.0331170281841368,1.74555209199944,5.60976913638056,1,"asia8",10.3500919405239,8.45691990618336,"asia8"
"Asia8","Asia8 Benchmark","Asia8 Regional Average","8 Asian Markets",2022,NA,NA,NA,NA,NA,NA,NA,NA,NA,NA,NA,NA,-8.128137046584,-0.0316630190053281,4.08510574230689,-11.8002528854191,1,"asia8",10.3500919405239,6.01909961424048,"asia8"
"Asia8","Asia8 Benchmark","Asia8 Regional Average","8 Asian Markets",2023,NA,NA,NA,NA,NA,NA,NA,NA,NA,NA,NA,NA,11.6802685783206,0.0449969289027805,3.30350615989829,8.07605253776435,1,"asia8",10.3500919405239,6.82124551486039,"asia8"
"Asia8","Asia8 Benchmark","Asia8 Regional Average","8 Asian Markets",2024,NA,NA,NA,NA,NA,NA,NA,NA,NA,NA,NA,NA,13.6676726256453,0.0560061293688125,1.96155601938216,11.480862077621,1,"asia8",10.3500919405239,8.22715565418315,"asia8"
"Asia8","Asia8 Benchmark","Asia8 Regional Average","8 Asian Markets",2025,NA,NA,NA,NA,NA,NA,NA,NA,NA,NA,NA,NA,-10.5864430201595,-0.118637661586685,1.9035677766,-12.2566962759744,1,"asia8",10.3500919405239,8.28874233573542,"asia8"
"Euro7","Euro7 Benchmark","Euro7 Regional Average","7 European Markets",2005,NA,NA,NA,NA,NA,NA,NA,NA,NA,NA,NA,NA,15.4609837337904,0.0575947517045401,1.9852929852798,13.2133667061736,1,"euro7",4.66283624886669,2.62542096532816,"euro7"
"Euro7","Euro7 Benchmark","Euro7 Regional Average","7 European Markets",2006,NA,NA,NA,NA,NA,NA,NA,NA,NA,NA,NA,NA,19.5068736590554,0.0735411962015097,2.26292645346692,16.8410378611765,1,"euro7",4.66283624886669,2.34680336132551,"euro7"
"Euro7","Euro7 Benchmark","Euro7 Regional Average","7 European Markets",2007,NA,NA,NA,NA,NA,NA,NA,NA,NA,NA,NA,NA,4.64609830878738,0.0230543189569493,2.00066117407635,2.57324772465332,1,"euro7",4.66283624886669,2.60995864551017,"euro7"
"Euro7","Euro7 Benchmark","Euro7 Regional Average","7 European Markets",2008,NA,NA,NA,NA,NA,NA,NA,NA,NA,NA,NA,NA,-42.481485028706,-0.190276898570026,3.1453880425706,-44.2514559729405,1,"euro7",4.66283624886669,1.47117407292103,"euro7"
"Euro7","Euro7 Benchmark","Euro7 Regional Average","7 European Markets",2009,NA,NA,NA,NA,NA,NA,NA,NA,NA,NA,NA,NA,24.6303920268618,0.103957242694055,0.673137189865772,23.8043903178004,1,"euro7",4.66283624886669,3.96302248083966,"euro7"
"Euro7","Euro7 Benchmark","Euro7 Regional Average","7 European Markets",2010,NA,NA,NA,NA,NA,NA,NA,NA,NA,NA,NA,NA,-0.58255127698152,0.00652747439237683,1.62137901680159,-2.16038622971368,1,"euro7",4.66283624886669,2.99293048519076,"euro7"
"Euro7","Euro7 Benchmark","Euro7 Regional Average","7 European Markets",2011,NA,NA,NA,NA,NA,NA,NA,NA,NA,NA,NA,NA,-16.7889723648188,-0.0555714283486349,2.50091511675071,-18.8165385239838,1,"euro7",4.66283624886669,2.10917251778047,"euro7"
"Euro7","Euro7 Benchmark","Euro7 Regional Average","7 European Markets",2012,NA,NA,NA,NA,NA,NA,NA,NA,NA,NA,NA,NA,14.2192610674072,0.0599661177290127,2.5410289922142,11.4268381762446,1,"euro7",4.66283624886669,2.06922758383241,"euro7"
"Euro7","Euro7 Benchmark","Euro7 Regional Average","7 European Markets",2013,NA,NA,NA,NA,NA,NA,NA,NA,NA,NA,NA,NA,17.2133756874815,0.0735527763235882,1.63259641803321,15.338588997447,1,"euro7",4.66283624886669,2.98156294105638,"euro7"
"Euro7","Euro7 Benchmark","Euro7 Regional Average","7 European Markets",2014,NA,NA,NA,NA,NA,NA,NA,NA,NA,NA,NA,NA,1.58182537256891,0.0129953349919274,0.684776367073247,0.899898120395504,1,"euro7",4.66283624886669,3.95100433782598,"euro7"
"Euro7","Euro7 Benchmark","Euro7 Regional Average","7 European Markets",2015,NA,NA,NA,NA,NA,NA,NA,NA,NA,NA,NA,NA,0.161271415099616,0.0100632098038867,0.126360915053353,0.0231525491371152,1,"euro7",4.66283624886669,4.5307502363559,"euro7"
"Euro7","Euro7 Benchmark","Euro7 Regional Average","7 European Markets",2016,NA,NA,NA,NA,NA,NA,NA,NA,NA,NA,NA,NA,5.09559460168842,0.0249407628159125,0.283925207834613,4.77315888480957,1,"euro7",4.66283624886669,4.36651340876113,"euro7"
"Euro7","Euro7 Benchmark","Euro7 Regional Average","7 European Markets",2017,NA,NA,NA,NA,NA,NA,NA,NA,NA,NA,NA,NA,11.0524139891096,0.0425260274342513,1.54950760168857,9.37113069055971,1,"euro7",4.66283624886669,3.06582347931184,"euro7"
"Euro7","Euro7 Benchmark","Euro7 Regional Average","7 European Markets",2018,NA,NA,NA,NA,NA,NA,NA,NA,NA,NA,NA,NA,-13.1488122766076,-0.0507861408233984,1.73192438774018,-14.6312350114747,1,"euro7",4.66283624886669,2.88101486211512,"euro7"
"Euro7","Euro7 Benchmark","Euro7 Regional Average","7 European Markets",2019,NA,NA,NA,NA,NA,NA,NA,NA,NA,NA,NA,NA,21.5098397558058,0.0763698081837243,1.93915449074789,19.1932120998018,1,"euro7",4.66283624886669,2.67187006967575,"euro7"
"Euro7","Euro7 Benchmark","Euro7 Regional Average","7 European Markets",2020,NA,NA,NA,NA,NA,NA,NA,NA,NA,NA,NA,NA,-4.67934059889283,0.00337552269229736,0.286675313042882,-4.97478752160355,1,"euro7",4.66283624886669,4.3636514244427,"euro7"
"Euro7","Euro7 Benchmark","Euro7 Regional Average","7 European Markets",2021,NA,NA,NA,NA,NA,NA,NA,NA,NA,NA,NA,NA,18.4657101903932,0.0732529497489275,2.47833460643926,15.6329429846676,1,"euro7",4.66283624886669,2.13167168535364,"euro7"
"Euro7","Euro7 Benchmark","Euro7 Regional Average","7 European Markets",2022,NA,NA,NA,NA,NA,NA,NA,NA,NA,NA,NA,NA,-9.20299117199461,-0.0278219209902143,7.76834413813968,-15.7271930382883,1,"euro7",4.66283624886669,-2.88165129946905,"euro7"
"Euro7","Euro7 Benchmark","Euro7 Regional Average","7 European Markets",2023,NA,NA,NA,NA,NA,NA,NA,NA,NA,NA,NA,NA,16.8234972429117,0.0664457027347219,5.10195171843228,11.1907519645748,1,"euro7",4.66283624886669,-0.417799538815389,"euro7"
"Euro7","Euro7 Benchmark","Euro7 Regional Average","7 European Markets",2024,NA,NA,NA,NA,NA,NA,NA,NA,NA,NA,NA,NA,9.77374064437416,0.0405656565156101,2.43853580721168,7.16757561169854,1,"euro7",4.66283624886669,2.17135126359198,"euro7"
"All","All Benchmark","All countries Regional Average","All registered markets",1993,NA,NA,NA,NA,NA,NA,NA,NA,NA,NA,NA,NA,-7.17794667580788,0.574335513803251,3.24412116611974,-10.1826679402059,1,"all",-7.6526982119165,-10.5544211669963,"all"
"All","All Benchmark","All countries Regional Average","All registered markets",1994,NA,NA,NA,NA,NA,NA,NA,NA,NA,NA,NA,NA,-42.7224397819207,0.00376997036134391,2.60744159215453,-44.1779666958787,1,"all",-7.6526982119165,-9.9994110026183,"all"
"All","All Benchmark","All countries Regional Average","All registered markets",1995,NA,NA,NA,NA,NA,NA,NA,NA,NA,NA,NA,NA,-19.3881126469017,0.129473024332427,2.80541968853662,-21.5879011074287,1,"all",-7.6526982119165,-10.1727301266193,"all"
"All","All Benchmark","All countries Regional Average","All registered markets",1996,NA,NA,NA,NA,NA,NA,NA,NA,NA,NA,NA,NA,-26.504707627624,0.0832851270846297,2.93120419993441,-28.5976561299933,1,"all",-7.6526982119165,-10.2825013018333,"all"
"All","All Benchmark","All countries Regional Average","All registered markets",1997,NA,NA,NA,NA,NA,NA,NA,NA,NA,NA,NA,NA,-19.0074093602285,0.122191528983517,2.33768993730735,-20.8575152620818,1,"all",-7.6526982119165,-9.76217868054675,"all"
"All","All Benchmark","All countries Regional Average","All registered markets",1998,NA,NA,NA,NA,NA,NA,NA,NA,NA,NA,NA,NA,-20.3369532629857,0.109963258478327,1.55227909874364,-21.5546441261505,1,"all",-7.6526982119165,-9.0642744725697,"all"
"All","All Benchmark","All countries Regional Average","All registered markets",1999,NA,NA,NA,NA,NA,NA,NA,NA,NA,NA,NA,NA,-24.3539425618984,0.080136621073033,2.18802719697358,-25.9736590351341,1,"all",-7.6526982119165,-9.63001799606278,"all"
"All","All Benchmark","All countries Regional Average","All registered markets",2000,NA,NA,NA,NA,NA,NA,NA,NA,NA,NA,NA,NA,-43.1792492408173,-0.0293991744235364,3.37685727149929,-45.035327771714,1,"all",-7.6526982119165,-10.6692694811265,"all"
"All","All Benchmark","All countries Regional Average","All registered markets",2001,NA,NA,NA,NA,NA,NA,NA,NA,NA,NA,NA,NA,-43.6880631880327,-0.0407717512566049,2.82617111885407,-45.2357933790242,1,"all",-7.6526982119165,-10.1908582384715,"all"
"All","All Benchmark","All countries Regional Average","All registered markets",2002,NA,NA,NA,NA,NA,NA,NA,NA,NA,NA,NA,NA,-49.3636338691297,-0.0826720748503099,1.58603162650601,-50.1542039588264,1,"all",-7.6526982119165,-9.09448837650229,"all"
"All","All Benchmark","All countries Regional Average","All registered markets",2003,NA,NA,NA,NA,NA,NA,NA,NA,NA,NA,NA,NA,-15.9101258167467,0.103964126232501,2.27009497336115,-17.7766734203614,1,"all",-7.6526982119165,-9.70253639430206,"all"
"All","All Benchmark","All countries Regional Average","All registered markets",2004,NA,NA,NA,NA,NA,NA,NA,NA,NA,NA,NA,NA,-25.9829024814651,0.0427959705059022,2.67723669309172,-27.912846213639,1,"all",-7.6526982119165,-10.0605891215061,"all"
"All","All Benchmark","All countries Regional Average","All registered markets",2005,NA,NA,NA,NA,NA,NA,NA,NA,NA,NA,NA,NA,2.16092090021165,0.0393454499514006,2.64166569800437,-0.366674682182218,1,"all",-7.6526982119165,-10.0294201579009,"all"
"All","All Benchmark","All countries Regional Average","All registered markets",2006,NA,NA,NA,NA,NA,NA,NA,NA,NA,NA,NA,NA,29.7938692696316,0.11227168416842,2.66539512595057,26.4800409645067,1,"all",-7.6526982119165,-10.0502153867998,"all"
"All","All Benchmark","All countries Regional Average","All registered markets",2007,NA,NA,NA,NA,NA,NA,NA,NA,NA,NA,NA,NA,5.60074816670043,0.03842313599206,2.39238911302647,2.95470853263986,1,"all",-7.6526982119165,-9.81038474827916,"all"
"All","All Benchmark","All countries Regional Average","All registered markets",2008,NA,NA,NA,NA,NA,NA,NA,NA,NA,NA,NA,NA,-45.167207906131,-0.200011469025981,3.23870294585777,-46.8202648967136,1,"all",-7.6526982119165,-10.5497268437072,"all"
"All","All Benchmark","All countries Regional Average","All registered markets",2009,NA,NA,NA,NA,NA,NA,NA,NA,NA,NA,NA,NA,29.8025890399606,0.127054101011478,0.601107496991059,29.0326220241775,1,"all",-7.6526982119165,-8.20448791694906,"all"
"All","All Benchmark","All countries Regional Average","All registered markets",2010,NA,NA,NA,NA,NA,NA,NA,NA,NA,NA,NA,NA,5.83124209903385,0.0368935661385613,1.81034779272034,3.82427563091294,1,"all",-7.6526982119165,-9.2947781927855,"all"
"All","All Benchmark","All countries Regional Average","All registered markets",2011,NA,NA,NA,NA,NA,NA,NA,NA,NA,NA,NA,NA,-15.4828248998829,-0.0482836056336179,3.33267567720316,-18.1689984583119,1,"all",-7.6526982119165,-10.6310746500327,"all"
"All","All Benchmark","All countries Regional Average","All registered markets",2012,NA,NA,NA,NA,NA,NA,NA,NA,NA,NA,NA,NA,9.22046138015167,0.0503346361220457,2.19137043547055,6.91251627316978,1,"all",-7.6526982119165,-9.63297449230625,"all"
"All","All Benchmark","All countries Regional Average","All registered markets",2013,NA,NA,NA,NA,NA,NA,NA,NA,NA,NA,NA,NA,12.1609888709762,0.0581560321806445,1.84423571129869,10.2395911459891,1,"all",-7.6526982119165,-9.32495968661053,"all"
"All","All Benchmark","All countries Regional Average","All registered markets",2014,NA,NA,NA,NA,NA,NA,NA,NA,NA,NA,NA,NA,2.01270759295346,0.0200413740715462,1.15938353046988,0.846253281207249,1,"all",-7.6526982119165,-8.7110868362816,"all"
"All","All Benchmark","All countries Regional Average","All registered markets",2015,NA,NA,NA,NA,NA,NA,NA,NA,NA,NA,NA,NA,-1.24787807935844,0.0116518915192925,0.67622282211429,-1.91811995168083,1,"all",-7.6526982119165,-8.27297727363812,"all"
"All","All Benchmark","All countries Regional Average","All registered markets",2016,NA,NA,NA,NA,NA,NA,NA,NA,NA,NA,NA,NA,4.20161361225754,0.0246540893591979,0.787066087248367,3.37019741012356,1,"all",-7.6526982119165,-8.37385651434562,"all"
"All","All Benchmark","All countries Regional Average","All registered markets",2017,NA,NA,NA,NA,NA,NA,NA,NA,NA,NA,NA,NA,12.9150157790737,0.0553688285816308,1.7366926532301,10.978585296109,1,"all",-7.6526982119165,-9.22910959682008,"all"
"All","All Benchmark","All countries Regional Average","All registered markets",2018,NA,NA,NA,NA,NA,NA,NA,NA,NA,NA,NA,NA,-12.3200637486057,-0.0449065072152514,1.76973949676295,-13.8591392750227,1,"all",-7.6526982119165,-9.25858487529996,"all"
"All","All Benchmark","All countries Regional Average","All registered markets",2019,NA,NA,NA,NA,NA,NA,NA,NA,NA,NA,NA,NA,19.883466966361,0.0784601761202473,1.60901673878824,17.9700189540247,1,"all",-7.6526982119165,-9.11505223450232,"all"
"All","All Benchmark","All countries Regional Average","All registered markets",2020,NA,NA,NA,NA,NA,NA,NA,NA,NA,NA,NA,NA,5.12380649657736,0.03745905941657,0.756003218921091,4.33965717863887,1,"all",-7.6526982119165,-8.34560836297495,"all"
"All","All Benchmark","All countries Regional Average","All registered markets",2021,NA,NA,NA,NA,NA,NA,NA,NA,NA,NA,NA,NA,13.6310419668621,0.0570338470845609,2.34546162210295,11.0088270645102,1,"all",-7.6526982119165,-9.76903096195545,"all"
"All","All Benchmark","All countries Regional Average","All registered markets",2022,NA,NA,NA,NA,NA,NA,NA,NA,NA,NA,NA,NA,-9.47075388193889,-0.0324630935296782,5.88103198382691,-14.4756352170837,1,"all",-7.6526982119165,-12.78201576068,"all"
"All","All Benchmark","All countries Regional Average","All registered markets",2023,NA,NA,NA,NA,NA,NA,NA,NA,NA,NA,NA,NA,13.9635314145248,0.0555542351288221,4.06469372321307,9.49792029864191,1,"all",-7.6526982119165,-11.2597188497907,"all"
"All","All Benchmark","All countries Regional Average","All registered markets",2024,NA,NA,NA,NA,NA,NA,NA,NA,NA,NA,NA,NA,13.0496135011141,0.0527494140790918,2.26654714265906,10.5456756986188,1,"all",-7.6526982119165,-9.69940379500492,"all"
"All","All Benchmark","All countries Regional Average","All registered markets",2025,NA,NA,NA,NA,NA,NA,NA,NA,NA,NA,NA,NA,-10.5864430201595,-0.118637661586685,1.9035677766,-12.2566962759744,1,"all",-7.6526982119165,-9.37775408361207,"all"
